,Unnamed: 0_x,attribute_x,Data Smell Type,Total Element Count,Faulty Element Count,Faulty Element Overview,name,Unnamed: 0_y,attribute_y,statisticalParity,predictiveParity,fairnessThroughAwareness
0,1,age,Extreme Value Smell,48842,186,"[80, 90, 80, 81, 82, 83, 81, 85, 80, 90, 81, 84, 81, 89, 81, 83, 81, 82, 80, 90]",adult income,0,gender,0.3596552625800337,-0.1945157459642029,0.7743212808648234
1,1,age,Extreme Value Smell,48842,186,"[80, 90, 80, 81, 82, 83, 81, 85, 80, 90, 81, 84, 81, 89, 81, 83, 81, 82, 80, 90]",adult income,1,race,0.6005915505110953,-0.1014445051417272,0.7743376602104685
2,1,age,Extreme Value Smell,48842,186,"[80, 90, 80, 81, 82, 83, 81, 85, 80, 90, 81, 84, 81, 89, 81, 83, 81, 82, 80, 90]",adult income,2,age,0.2815483619443825,-0.2152289847451598,0.7727570533557097
6,1,capital-gain,Extreme Value Smell,48842,331,"[99999, 27828, 99999, 99999, 99999, 27828, 99999, 99999, 99999, 27828, 25236, 99999, 99999, 99999, 99999, 99999, 27828, 99999, 99999, 99999]",adult income,0,gender,0.3596552625800337,-0.1945157459642029,0.7743212808648234
7,1,capital-gain,Extreme Value Smell,48842,331,"[99999, 27828, 99999, 99999, 99999, 27828, 99999, 99999, 99999, 27828, 25236, 99999, 99999, 99999, 99999, 99999, 27828, 99999, 99999, 99999]",adult income,1,race,0.6005915505110953,-0.1014445051417272,0.7743376602104685
8,1,capital-gain,Extreme Value Smell,48842,331,"[99999, 27828, 99999, 99999, 99999, 27828, 99999, 99999, 99999, 27828, 25236, 99999, 99999, 99999, 99999, 99999, 27828, 99999, 99999, 99999]",adult income,2,age,0.2815483619443825,-0.2152289847451598,0.7727570533557097
12,1,capital-loss,Extreme Value Smell,48842,2216,"[1721, 1876, 2415, 1887, 1887, 1887, 1887, 1977, 2057, 1429, 1590, 2057, 1721, 1887, 1485, 1485, 1977, 1887, 1721, 1887]",adult income,0,gender,0.3596552625800337,-0.1945157459642029,0.7743212808648234
13,1,capital-loss,Extreme Value Smell,48842,2216,"[1721, 1876, 2415, 1887, 1887, 1887, 1887, 1977, 2057, 1429, 1590, 2057, 1721, 1887, 1485, 1485, 1977, 1887, 1721, 1887]",adult income,1,race,0.6005915505110953,-0.1014445051417272,0.7743376602104685
14,1,capital-loss,Extreme Value Smell,48842,2216,"[1721, 1876, 2415, 1887, 1887, 1887, 1887, 1977, 2057, 1429, 1590, 2057, 1721, 1887, 1485, 1485, 1977, 1887, 1721, 1887]",adult income,2,age,0.2815483619443825,-0.2152289847451598,0.7727570533557097
21,1,educational-num,Extreme Value Smell,48842,330,"[2, 2, 2, 1, 1, 2, 2, 1, 1, 2, 2, 2, 1, 1, 2, 2, 2, 1, 2, 1]",adult income,0,gender,0.3596552625800337,-0.1945157459642029,0.7743212808648234
22,1,educational-num,Extreme Value Smell,48842,330,"[2, 2, 2, 1, 1, 2, 2, 1, 1, 2, 2, 2, 1, 1, 2, 2, 2, 1, 2, 1]",adult income,1,race,0.6005915505110953,-0.1014445051417272,0.7743376602104685
23,1,educational-num,Extreme Value Smell,48842,330,"[2, 2, 2, 1, 1, 2, 2, 1, 1, 2, 2, 2, 1, 1, 2, 2, 2, 1, 2, 1]",adult income,2,age,0.2815483619443825,-0.2152289847451598,0.7727570533557097
27,1,fnlwgt,Extreme Value Smell,48842,506,"[537222, 513100, 512864, 599057, 542610, 652784, 573446, 662460, 629900, 509364, 632733, 560313, 651702, 644278, 535852, 522241, 581128, 608881, 914061, 624006]",adult income,0,gender,0.3596552625800337,-0.1945157459642029,0.7743212808648234
28,1,fnlwgt,Extreme Value Smell,48842,506,"[537222, 513100, 512864, 599057, 542610, 652784, 573446, 662460, 629900, 509364, 632733, 560313, 651702, 644278, 535852, 522241, 581128, 608881, 914061, 624006]",adult income,1,race,0.6005915505110953,-0.1014445051417272,0.7743376602104685
29,1,fnlwgt,Extreme Value Smell,48842,506,"[537222, 513100, 512864, 599057, 542610, 652784, 573446, 662460, 629900, 509364, 632733, 560313, 651702, 644278, 535852, 522241, 581128, 608881, 914061, 624006]",adult income,2,age,0.2815483619443825,-0.2152289847451598,0.7727570533557097
36,1,hours-per-week,Extreme Value Smell,48842,681,"[90, 84, 80, 84, 80, 99, 80, 80, 96, 90, 3, 1, 99, 80, 80, 84, 99, 99, 2, 2]",adult income,0,gender,0.3596552625800337,-0.1945157459642029,0.7743212808648234
37,1,hours-per-week,Extreme Value Smell,48842,681,"[90, 84, 80, 84, 80, 99, 80, 80, 96, 90, 3, 1, 99, 80, 80, 84, 99, 99, 2, 2]",adult income,1,race,0.6005915505110953,-0.1014445051417272,0.7743376602104685
38,1,hours-per-week,Extreme Value Smell,48842,681,"[90, 84, 80, 84, 80, 99, 80, 80, 96, 90, 3, 1, 99, 80, 80, 84, 99, 99, 2, 2]",adult income,2,age,0.2815483619443825,-0.2152289847451598,0.7727570533557097
65,1,business_or_self_employed,Extreme Value Smell,69850,5816,"[2, 2, 2, 2, 2, 2, 2, 2, 2, 2, 2, 2, 2, 2, 2, 2, 2, 2, 2, 2]",kdd census,3,sex,3.1882226303745638,0.0670971068597958,0.9324810307802496
66,1,business_or_self_employed,Extreme Value Smell,69850,5816,"[2, 2, 2, 2, 2, 2, 2, 2, 2, 2, 2, 2, 2, 2, 2, 2, 2, 2, 2, 2]",kdd census,4,race,1.18982276246475,0.0128189431738243,0.9325898353614952
69,1,capital_gains,Extreme Value Smell,69850,281,"[27828, 99999, 99999, 99999, 27828, 99999, 20051, 25236, 20051, 99999, 27828, 99999, 25236, 99999, 99999, 99999, 99999, 25236, 99999, 99999]",kdd census,3,sex,3.1882226303745638,0.0670971068597958,0.9324810307802496
70,1,capital_gains,Extreme Value Smell,69850,281,"[27828, 99999, 99999, 99999, 27828, 99999, 20051, 25236, 20051, 99999, 27828, 99999, 25236, 99999, 99999, 99999, 99999, 25236, 99999, 99999]",kdd census,4,race,1.18982276246475,0.0128189431738243,0.9325898353614952
73,1,capital_losses,Extreme Value Smell,69850,1377,"[1902, 1421, 1651, 880, 1902, 2246, 1485, 1887, 1564, 1887, 2267, 1485, 1887, 1719, 1876, 1887, 1579, 1579, 1651, 2051]",kdd census,3,sex,3.1882226303745638,0.0670971068597958,0.9324810307802496
74,1,capital_losses,Extreme Value Smell,69850,1377,"[1902, 1421, 1651, 880, 1902, 2246, 1485, 1887, 1564, 1887, 2267, 1485, 1887, 1719, 1876, 1887, 1579, 1579, 1651, 2051]",kdd census,4,race,1.18982276246475,0.0128189431738243,0.9325898353614952
81,1,country_father,Missing Value Smell,69850,1602,"[nan, nan, nan, nan, nan, nan, nan, nan, nan, nan, nan, nan, nan, nan, nan, nan, nan, nan, nan, nan]",kdd census,3,sex,3.1882226303745638,0.0670971068597958,0.9324810307802496
82,1,country_father,Missing Value Smell,69850,1602,"[nan, nan, nan, nan, nan, nan, nan, nan, nan, nan, nan, nan, nan, nan, nan, nan, nan, nan, nan, nan]",kdd census,4,race,1.18982276246475,0.0128189431738243,0.9325898353614952
85,1,country_mother,Missing Value Smell,69850,1440,"[nan, nan, nan, nan, nan, nan, nan, nan, nan, nan, nan, nan, nan, nan, nan, nan, nan, nan, nan, nan]",kdd census,3,sex,3.1882226303745638,0.0670971068597958,0.9324810307802496
86,1,country_mother,Missing Value Smell,69850,1440,"[nan, nan, nan, nan, nan, nan, nan, nan, nan, nan, nan, nan, nan, nan, nan, nan, nan, nan, nan, nan]",kdd census,4,race,1.18982276246475,0.0128189431738243,0.9325898353614952
89,1,country_self,Missing Value Smell,69850,797,"[nan, nan, nan, nan, nan, nan, nan, nan, nan, nan, nan, nan, nan, nan, nan, nan, nan, nan, nan, nan]",kdd census,3,sex,3.1882226303745638,0.0670971068597958,0.9324810307802496
90,1,country_self,Missing Value Smell,69850,797,"[nan, nan, nan, nan, nan, nan, nan, nan, nan, nan, nan, nan, nan, nan, nan, nan, nan, nan, nan, nan]",kdd census,4,race,1.18982276246475,0.0128189431738243,0.9325898353614952
97,1,dividend_from_Stocks,Extreme Value Smell,69850,530,"[15000, 6993, 8500, 7700, 8000, 10000, 13500, 16000, 12500, 8000, 6366, 10000, 30000, 7500, 7000, 7000, 19000, 7500, 14400, 50000]",kdd census,3,sex,3.1882226303745638,0.0670971068597958,0.9324810307802496
98,1,dividend_from_Stocks,Extreme Value Smell,69850,530,"[15000, 6993, 8500, 7700, 8000, 10000, 13500, 16000, 12500, 8000, 6366, 10000, 30000, 7500, 7000, 7000, 19000, 7500, 14400, 50000]",kdd census,4,race,1.18982276246475,0.0128189431738243,0.9325898353614952
113,1,hispanic_origin,Missing Value Smell,69850,194,"[nan, nan, nan, nan, nan, nan, nan, nan, nan, nan, nan, nan, nan, nan, nan, nan, nan, nan, nan, nan]",kdd census,3,sex,3.1882226303745638,0.0670971068597958,0.9324810307802496
114,1,hispanic_origin,Missing Value Smell,69850,194,"[nan, nan, nan, nan, nan, nan, nan, nan, nan, nan, nan, nan, nan, nan, nan, nan, nan, nan, nan, nan]",kdd census,4,race,1.18982276246475,0.0128189431738243,0.9325898353614952
117,1,income_level,Extreme Value Smell,69850,5218,"[1, 1, 1, 1, 1, 1, 1, 1, 1, 1, 1, 1, 1, 1, 1, 1, 1, 1, 1, 1]",kdd census,3,sex,3.1882226303745638,0.0670971068597958,0.9324810307802496
118,1,income_level,Extreme Value Smell,69850,5218,"[1, 1, 1, 1, 1, 1, 1, 1, 1, 1, 1, 1, 1, 1, 1, 1, 1, 1, 1, 1]",kdd census,4,race,1.18982276246475,0.0128189431738243,0.9325898353614952
133,1,migration_msa,Missing Value Smell,69850,23227,"[nan, nan, nan, nan, nan, nan, nan, nan, nan, nan, nan, nan, nan, nan, nan, nan, nan, nan, nan, nan]",kdd census,3,sex,3.1882226303745638,0.0670971068597958,0.9324810307802496
134,1,migration_msa,Missing Value Smell,69850,23227,"[nan, nan, nan, nan, nan, nan, nan, nan, nan, nan, nan, nan, nan, nan, nan, nan, nan, nan, nan, nan]",kdd census,4,race,1.18982276246475,0.0128189431738243,0.9325898353614952
139,1,migration_reg,Missing Value Smell,69850,23227,"[nan, nan, nan, nan, nan, nan, nan, nan, nan, nan, nan, nan, nan, nan, nan, nan, nan, nan, nan, nan]",kdd census,3,sex,3.1882226303745638,0.0670971068597958,0.9324810307802496
140,1,migration_reg,Missing Value Smell,69850,23227,"[nan, nan, nan, nan, nan, nan, nan, nan, nan, nan, nan, nan, nan, nan, nan, nan, nan, nan, nan, nan]",kdd census,4,race,1.18982276246475,0.0128189431738243,0.9325898353614952
143,1,migration_sunbelt,Missing Value Smell,69850,23227,"[nan, nan, nan, nan, nan, nan, nan, nan, nan, nan, nan, nan, nan, nan, nan, nan, nan, nan, nan, nan]",kdd census,3,sex,3.1882226303745638,0.0670971068597958,0.9324810307802496
144,1,migration_sunbelt,Missing Value Smell,69850,23227,"[nan, nan, nan, nan, nan, nan, nan, nan, nan, nan, nan, nan, nan, nan, nan, nan, nan, nan, nan, nan]",kdd census,4,race,1.18982276246475,0.0128189431738243,0.9325898353614952
147,1,migration_within_reg,Missing Value Smell,69850,23227,"[nan, nan, nan, nan, nan, nan, nan, nan, nan, nan, nan, nan, nan, nan, nan, nan, nan, nan, nan, nan]",kdd census,3,sex,3.1882226303745638,0.0670971068597958,0.9324810307802496
148,1,migration_within_reg,Missing Value Smell,69850,23227,"[nan, nan, nan, nan, nan, nan, nan, nan, nan, nan, nan, nan, nan, nan, nan, nan, nan, nan, nan, nan]",kdd census,4,race,1.18982276246475,0.0128189431738243,0.9325898353614952
163,1,state_of_previous_residence,Missing Value Smell,69850,184,"[nan, nan, nan, nan, nan, nan, nan, nan, nan, nan, nan, nan, nan, nan, nan, nan, nan, nan, nan, nan]",kdd census,3,sex,3.1882226303745638,0.0670971068597958,0.9324810307802496
164,1,state_of_previous_residence,Missing Value Smell,69850,184,"[nan, nan, nan, nan, nan, nan, nan, nan, nan, nan, nan, nan, nan, nan, nan, nan, nan, nan, nan, nan]",kdd census,4,race,1.18982276246475,0.0128189431738243,0.9325898353614952
171,1,wage_per_hour,Extreme Value Smell,69850,1738,"[1215, 900, 3200, 950, 1300, 1000, 2200, 1825, 930, 1625, 1152, 1000, 1600, 1145, 875, 1190, 1100, 1068, 1200, 1075]",kdd census,3,sex,3.1882226303745638,0.0670971068597958,0.9324810307802496
172,1,wage_per_hour,Extreme Value Smell,69850,1738,"[1215, 900, 3200, 950, 1300, 1000, 2200, 1825, 930, 1625, 1152, 1000, 1600, 1145, 875, 1190, 1100, 1068, 1200, 1075]",kdd census,4,race,1.18982276246475,0.0128189431738243,0.9325898353614952
179,1,Age,Extreme Value Smell,1000,7,"[70, 74, 75, 74, 75, 74, 74]",german credit,5,Sex,0.8965673282047968,-0.0748013090229078,0.6660000000000013
180,1,Age,Extreme Value Smell,1000,7,"[70, 74, 75, 74, 75, 74, 74]",german credit,6,Age,0.8212484098784929,-0.1285499096996032,0.6656000000000012
183,1,Checking account,Missing Value Smell,1000,394,"[nan, nan, nan, nan, nan, nan, nan, nan, nan, nan, nan, nan, nan, nan, nan, nan, nan, nan, nan, nan]",german credit,5,Sex,0.8965673282047968,-0.0748013090229078,0.6660000000000013
184,1,Checking account,Missing Value Smell,1000,394,"[nan, nan, nan, nan, nan, nan, nan, nan, nan, nan, nan, nan, nan, nan, nan, nan, nan, nan, nan, nan]",german credit,6,Age,0.8212484098784929,-0.1285499096996032,0.6656000000000012
187,1,Credit amount,Extreme Value Smell,1000,25,"[12579, 14421, 12612, 15945, 11938, 14555, 12169, 11998, 13756, 14782, 14318, 12976, 11760, 12389, 12204, 15653, 14027, 14179, 12680, 15857]",german credit,5,Sex,0.8965673282047968,-0.0748013090229078,0.6660000000000013
188,1,Credit amount,Extreme Value Smell,1000,25,"[12579, 14421, 12612, 15945, 11938, 14555, 12169, 11998, 13756, 14782, 14318, 12976, 11760, 12389, 12204, 15653, 14027, 14179, 12680, 15857]",german credit,6,Age,0.8212484098784929,-0.1285499096996032,0.6656000000000012
191,1,Duration,Extreme Value Smell,1000,14,"[60, 60, 60, 60, 60, 60, 60, 60, 60, 72, 60, 60, 60, 60]",german credit,5,Sex,0.8965673282047968,-0.0748013090229078,0.6660000000000013
192,1,Duration,Extreme Value Smell,1000,14,"[60, 60, 60, 60, 60, 60, 60, 60, 60, 72, 60, 60, 60, 60]",german credit,6,Age,0.8212484098784929,-0.1285499096996032,0.6656000000000012
205,1,Saving accounts,Missing Value Smell,1000,183,"[nan, nan, nan, nan, nan, nan, nan, nan, nan, nan, nan, nan, nan, nan, nan, nan, nan, nan, nan, nan]",german credit,5,Sex,0.8965673282047968,-0.0748013090229078,0.6660000000000013
206,1,Saving accounts,Missing Value Smell,1000,183,"[nan, nan, nan, nan, nan, nan, nan, nan, nan, nan, nan, nan, nan, nan, nan, nan, nan, nan, nan, nan]",german credit,6,Age,0.8212484098784929,-0.1285499096996032,0.6656000000000012
213,1,Marital_status,Extreme Value Smell,60420,3566,"[4, 4, 4, 4, 4, 4, 4, 4, 4, 4, 4, 4, 4, 4, 4, 4, 4, 4, 4, 4]",dutch census,7,sex,0.5228940869266767,-0.2984780416148498,0.7988977159880677
216,1,citizenship,Extreme Value Smell,60420,1195,"[2, 2, 3, 2, 2, 2, 2, 2, 2, 3, 3, 3, 2, 2, 3, 2, 2, 3, 2, 2]",dutch census,7,sex,0.5228940869266767,-0.2984780416148498,0.7988977159880677
218,1,country_birth,Extreme Value Smell,60420,2821,"[3, 3, 3, 3, 3, 3, 3, 3, 3, 3, 3, 3, 3, 3, 3, 3, 3, 3, 3, 3]",dutch census,7,sex,0.5228940869266767,-0.2984780416148498,0.7988977159880677
220,1,cur_eco_activity,Extreme Value Smell,60420,1738,"[111, 111, 111, 111, 111, 111, 111, 111, 111, 111, 111, 111, 111, 111, 111, 111, 111, 111, 111, 111]",dutch census,7,sex,0.5228940869266767,-0.2984780416148498,0.7988977159880677
222,1,economic_status,Extreme Value Smell,60420,4771,"[120, 120, 120, 120, 120, 120, 120, 120, 120, 120, 120, 120, 120, 120, 120, 120, 120, 120, 120, 120]",dutch census,7,sex,0.5228940869266767,-0.2984780416148498,0.7988977159880677
225,1,household_position,Extreme Value Smell,60420,529,"[1220, 1220, 1220, 1220, 1220, 1220, 1220, 1220, 1220, 1220, 1220, 1220, 1220, 1220, 1220, 1220, 1220, 1220, 1220, 1220]",dutch census,7,sex,0.5228940869266767,-0.2984780416148498,0.7988977159880677
229,1,prev_residence_place,Extreme Value Smell,60420,1477,"[2, 2, 2, 2, 2, 2, 2, 2, 2, 2, 2, 2, 2, 2, 2, 2, 2, 2, 2, 2]",dutch census,7,sex,0.5228940869266767,-0.2984780416148498,0.7988977159880677
232,1,age,Extreme Value Smell,45211,381,"[83, 75, 75, 83, 75, 76, 83, 85, 90, 82, 73, 74, 75, 78, 85, 80, 78, 73, 75, 94]",bank marketing,8,age,2.8407985163535634,0.191072882990395,0.8792462011457426
233,1,age,Extreme Value Smell,45211,381,"[83, 75, 75, 83, 75, 76, 83, 85, 90, 82, 73, 74, 75, 78, 85, 80, 78, 73, 75, 94]",bank marketing,9,marital,1.3908403164996144,0.0395665860202997,0.881736745482297
236,1,balance,Suspect Sign Smell,45211,3766,"[-372, -246, -7, -3, -171, -364, -244, -76, -103, -37, -674, -34, -67, -16, -19, -4, -390, -41, -69, -12]",bank marketing,8,age,2.8407985163535634,0.191072882990395,0.8792462011457426
237,1,balance,Suspect Sign Smell,45211,3766,"[-372, -246, -7, -3, -171, -364, -244, -76, -103, -37, -674, -34, -67, -16, -19, -4, -390, -41, -69, -12]",bank marketing,9,marital,1.3908403164996144,0.0395665860202997,0.881736745482297
238,2,balance,Extreme Value Smell,45211,745,"[10635, 12223, 24598, 45248, 58544, 18722, 24299, 13308, 26765, 12061, 12482, 29312, 37378, 15801, 23189, 11317, 20718, 10749, 10600, 15740]",bank marketing,8,age,2.8407985163535634,0.191072882990395,0.8792462011457426
239,2,balance,Extreme Value Smell,45211,745,"[10635, 12223, 24598, 45248, 58544, 18722, 24299, 13308, 26765, 12061, 12482, 29312, 37378, 15801, 23189, 11317, 20718, 10749, 10600, 15740]",bank marketing,9,marital,1.3908403164996144,0.0395665860202997,0.881736745482297
242,1,campaign,Extreme Value Smell,45211,840,"[13, 19, 14, 14, 24, 16, 14, 32, 18, 22, 32, 32, 13, 18, 13, 22, 15, 17, 13, 16]",bank marketing,8,age,2.8407985163535634,0.191072882990395,0.8792462011457426
243,1,campaign,Extreme Value Smell,45211,840,"[13, 19, 14, 14, 24, 16, 14, 32, 18, 22, 32, 32, 13, 18, 13, 22, 15, 17, 13, 16]",bank marketing,9,marital,1.3908403164996144,0.0395665860202997,0.881736745482297
252,1,duration,Extreme Value Smell,45211,963,"[1666, 1492, 1778, 1042, 1467, 1389, 2033, 1056, 1077, 1419, 1201, 1623, 1677, 1297, 1906, 1597, 1529, 1521, 1138, 1581]",bank marketing,8,age,2.8407985163535634,0.191072882990395,0.8792462011457426
253,1,duration,Extreme Value Smell,45211,963,"[1666, 1492, 1778, 1042, 1467, 1389, 2033, 1056, 1077, 1419, 1201, 1623, 1677, 1297, 1906, 1597, 1529, 1521, 1138, 1581]",bank marketing,9,marital,1.3908403164996144,0.0395665860202997,0.881736745482297
268,1,pdays,Suspect Sign Smell,45211,8257,"[151, 166, 91, 86, 143, 147, 89, 140, 176, 101, 174, 170, 167, 174, 195, 165, 129, 188, 196, 172]",bank marketing,8,age,2.8407985163535634,0.191072882990395,0.8792462011457426
269,1,pdays,Suspect Sign Smell,45211,8257,"[151, 166, 91, 86, 143, 147, 89, 140, 176, 101, 174, 170, 167, 174, 195, 165, 129, 188, 196, 172]",bank marketing,9,marital,1.3908403164996144,0.0395665860202997,0.881736745482297
270,2,pdays,Extreme Value Smell,45211,1723,"[341, 344, 342, 342, 342, 345, 342, 346, 345, 345, 345, 343, 345, 345, 345, 343, 343, 343, 346, 345]",bank marketing,8,age,2.8407985163535634,0.191072882990395,0.8792462011457426
271,2,pdays,Extreme Value Smell,45211,1723,"[341, 344, 342, 342, 342, 345, 342, 346, 345, 345, 345, 343, 345, 345, 345, 343, 343, 343, 346, 345]",bank marketing,9,marital,1.3908403164996144,0.0395665860202997,0.881736745482297
276,1,previous,Extreme Value Smell,45211,582,"[11, 16, 10, 10, 12, 18, 9, 21, 8, 11, 9, 8, 14, 12, 8, 11, 15, 14, 11, 8]",bank marketing,8,age,2.8407985163535634,0.191072882990395,0.8792462011457426
277,1,previous,Extreme Value Smell,45211,582,"[11, 16, 10, 10, 12, 18, 9, 21, 8, 11, 9, 8, 14, 12, 8, 11, 15, 14, 11, 8]",bank marketing,9,marital,1.3908403164996144,0.0395665860202997,0.881736745482297
282,1,AGE,Extreme Value Smell,30000,141,"[75, 73, 67, 67, 66, 66, 70, 70, 72, 64, 65, 65, 67, 71, 66, 66, 67, 65, 66, 64]",credit card,10,SEX,1.1632123935364134,0.0339094653753049,0.7464600000000351
283,1,AGE,Extreme Value Smell,30000,141,"[75, 73, 67, 67, 66, 66, 70, 70, 72, 64, 65, 65, 67, 71, 66, 66, 67, 65, 66, 64]",credit card,11,MARRIAGE,1.121701505744539,0.0254701034009336,0.7464600000000351
284,1,AGE,Extreme Value Smell,30000,141,"[75, 73, 67, 67, 66, 66, 70, 70, 72, 64, 65, 65, 67, 71, 66, 66, 67, 65, 66, 64]",credit card,12,EDUCATION,0.8721905374378761,-0.0303353891897271,0.7464600000000351
288,1,BILL_AMT1,Suspect Sign Smell,30000,590,"[-109.0, -190.0, -2000.0, -81.0, -103.0, -1100.0, -709.0, -946.0, -2.0, -179.0, -14386.0, -9.0, -1312.0, -58.0, -8.0, -65.0, -475.0, -200.0, -14.0, -54.0]",credit card,10,SEX,1.1632123935364134,0.0339094653753049,0.7464600000000351
289,1,BILL_AMT1,Suspect Sign Smell,30000,590,"[-109.0, -190.0, -2000.0, -81.0, -103.0, -1100.0, -709.0, -946.0, -2.0, -179.0, -14386.0, -9.0, -1312.0, -58.0, -8.0, -65.0, -475.0, -200.0, -14.0, -54.0]",credit card,11,MARRIAGE,1.121701505744539,0.0254701034009336,0.7464600000000351
290,1,BILL_AMT1,Suspect Sign Smell,30000,590,"[-109.0, -190.0, -2000.0, -81.0, -103.0, -1100.0, -709.0, -946.0, -2.0, -179.0, -14386.0, -9.0, -1312.0, -58.0, -8.0, -65.0, -475.0, -200.0, -14.0, -54.0]",credit card,12,EDUCATION,0.8721905374378761,-0.0303353891897271,0.7464600000000351
291,2,BILL_AMT1,Extreme Value Smell,30000,686,"[367965.0, 400134.0, 422069.0, 304991.0, 296573.0, 335196.0, 291619.0, 274731.0, 507726.0, 338106.0, 507062.0, 304867.0, 467150.0, 355215.0, 366193.0, 330759.0, 279610.0, 276436.0, 280823.0, 315201.0]",credit card,10,SEX,1.1632123935364134,0.0339094653753049,0.7464600000000351
292,2,BILL_AMT1,Extreme Value Smell,30000,686,"[367965.0, 400134.0, 422069.0, 304991.0, 296573.0, 335196.0, 291619.0, 274731.0, 507726.0, 338106.0, 507062.0, 304867.0, 467150.0, 355215.0, 366193.0, 330759.0, 279610.0, 276436.0, 280823.0, 315201.0]",credit card,11,MARRIAGE,1.121701505744539,0.0254701034009336,0.7464600000000351
293,2,BILL_AMT1,Extreme Value Smell,30000,686,"[367965.0, 400134.0, 422069.0, 304991.0, 296573.0, 335196.0, 291619.0, 274731.0, 507726.0, 338106.0, 507062.0, 304867.0, 467150.0, 355215.0, 366193.0, 330759.0, 279610.0, 276436.0, 280823.0, 315201.0]",credit card,12,EDUCATION,0.8721905374378761,-0.0303353891897271,0.7464600000000351
297,1,BILL_AMT2,Suspect Sign Smell,30000,669,"[-425.0, -131.0, -9850.0, -303.0, -103.0, -1100.0, -709.0, -946.0, -2.0, -707.0, -13543.0, -8.0, -65.0, -120.0, -200.0, -32.0, -1041.0, -288.0, -86.0, -200.0]",credit card,10,SEX,1.1632123935364134,0.0339094653753049,0.7464600000000351
298,1,BILL_AMT2,Suspect Sign Smell,30000,669,"[-425.0, -131.0, -9850.0, -303.0, -103.0, -1100.0, -709.0, -946.0, -2.0, -707.0, -13543.0, -8.0, -65.0, -120.0, -200.0, -32.0, -1041.0, -288.0, -86.0, -200.0]",credit card,11,MARRIAGE,1.121701505744539,0.0254701034009336,0.7464600000000351
299,1,BILL_AMT2,Suspect Sign Smell,30000,669,"[-425.0, -131.0, -9850.0, -303.0, -103.0, -1100.0, -709.0, -946.0, -2.0, -707.0, -13543.0, -8.0, -65.0, -120.0, -200.0, -32.0, -1041.0, -288.0, -86.0, -200.0]",credit card,12,EDUCATION,0.8721905374378761,-0.0303353891897271,0.7464600000000351
300,2,BILL_AMT2,Extreme Value Smell,30000,670,"[412023.0, 398857.0, 431342.0, 311243.0, 303320.0, 334954.0, 297268.0, 281713.0, 509229.0, 342904.0, 491956.0, 299998.0, 458862.0, 262736.0, 363325.0, 372700.0, 337794.0, 282024.0, 263368.0, 275303.0]",credit card,10,SEX,1.1632123935364134,0.0339094653753049,0.7464600000000351
301,2,BILL_AMT2,Extreme Value Smell,30000,670,"[412023.0, 398857.0, 431342.0, 311243.0, 303320.0, 334954.0, 297268.0, 281713.0, 509229.0, 342904.0, 491956.0, 299998.0, 458862.0, 262736.0, 363325.0, 372700.0, 337794.0, 282024.0, 263368.0, 275303.0]",credit card,11,MARRIAGE,1.121701505744539,0.0254701034009336,0.7464600000000351
302,2,BILL_AMT2,Extreme Value Smell,30000,670,"[412023.0, 398857.0, 431342.0, 311243.0, 303320.0, 334954.0, 297268.0, 281713.0, 509229.0, 342904.0, 491956.0, 299998.0, 458862.0, 262736.0, 363325.0, 372700.0, 337794.0, 282024.0, 263368.0, 275303.0]",credit card,12,EDUCATION,0.8721905374378761,-0.0303353891897271,0.7464600000000351
306,1,BILL_AMT3,Suspect Sign Smell,30000,655,"[-527.0, -9850.0, -684.0, -103.0, -709.0, -946.0, -13.0, -2.0, -2697.0, -8.0, -65.0, -6.0, -1690.0, -22.0, -387.0, -281.0, -288.0, -86.0, -2.0, -4.0]",credit card,10,SEX,1.1632123935364134,0.0339094653753049,0.7464600000000351
307,1,BILL_AMT3,Suspect Sign Smell,30000,655,"[-527.0, -9850.0, -684.0, -103.0, -709.0, -946.0, -13.0, -2.0, -2697.0, -8.0, -65.0, -6.0, -1690.0, -22.0, -387.0, -281.0, -288.0, -86.0, -2.0, -4.0]",credit card,11,MARRIAGE,1.121701505744539,0.0254701034009336,0.7464600000000351
308,1,BILL_AMT3,Suspect Sign Smell,30000,655,"[-527.0, -9850.0, -684.0, -103.0, -709.0, -946.0, -13.0, -2.0, -2697.0, -8.0, -65.0, -6.0, -1690.0, -22.0, -387.0, -281.0, -288.0, -86.0, -2.0, -4.0]",credit card,12,EDUCATION,0.8721905374378761,-0.0303353891897271,0.7464600000000351
309,2,BILL_AMT3,Extreme Value Smell,30000,661,"[445007.0, 404205.0, 479432.0, 306314.0, 307843.0, 335527.0, 499936.0, 344464.0, 430637.0, 300426.0, 469703.0, 373181.0, 375948.0, 285138.0, 274075.0, 282508.0, 259969.0, 271952.0, 375070.0, 314085.0]",credit card,10,SEX,1.1632123935364134,0.0339094653753049,0.7464600000000351
310,2,BILL_AMT3,Extreme Value Smell,30000,661,"[445007.0, 404205.0, 479432.0, 306314.0, 307843.0, 335527.0, 499936.0, 344464.0, 430637.0, 300426.0, 469703.0, 373181.0, 375948.0, 285138.0, 274075.0, 282508.0, 259969.0, 271952.0, 375070.0, 314085.0]",credit card,11,MARRIAGE,1.121701505744539,0.0254701034009336,0.7464600000000351
311,2,BILL_AMT3,Extreme Value Smell,30000,661,"[445007.0, 404205.0, 479432.0, 306314.0, 307843.0, 335527.0, 499936.0, 344464.0, 430637.0, 300426.0, 469703.0, 373181.0, 375948.0, 285138.0, 274075.0, 282508.0, 259969.0, 271952.0, 375070.0, 314085.0]",credit card,12,EDUCATION,0.8721905374378761,-0.0303353891897271,0.7464600000000351
315,1,BILL_AMT4,Suspect Sign Smell,30000,675,"[-57.0, -923.0, -103.0, -27.0, -2898.0, -14.0, -946.0, -2.0, -3684.0, -8.0, -65.0, -22.0, -387.0, -18.0, -828.0, -810.0, -254.0, -281.0, -288.0, -2.0]",credit card,10,SEX,1.1632123935364134,0.0339094653753049,0.7464600000000351
316,1,BILL_AMT4,Suspect Sign Smell,30000,675,"[-57.0, -923.0, -103.0, -27.0, -2898.0, -14.0, -946.0, -2.0, -3684.0, -8.0, -65.0, -22.0, -387.0, -18.0, -828.0, -810.0, -254.0, -281.0, -288.0, -2.0]",credit card,11,MARRIAGE,1.121701505744539,0.0254701034009336,0.7464600000000351
317,1,BILL_AMT4,Suspect Sign Smell,30000,675,"[-57.0, -923.0, -103.0, -27.0, -2898.0, -14.0, -946.0, -2.0, -3684.0, -8.0, -65.0, -22.0, -387.0, -18.0, -828.0, -810.0, -254.0, -281.0, -288.0, -2.0]",credit card,12,EDUCATION,0.8721905374378761,-0.0303353891897271,0.7464600000000351
318,2,BILL_AMT4,Extreme Value Smell,30000,680,"[542653.0, 628699.0, 360199.0, 487066.0, 258610.0, 479978.0, 333860.0, 505507.0, 240865.0, 376657.0, 292869.0, 447130.0, 252195.0, 249445.0, 252584.0, 284660.0, 255832.0, 242579.0, 354839.0, 317631.0]",credit card,10,SEX,1.1632123935364134,0.0339094653753049,0.7464600000000351
319,2,BILL_AMT4,Extreme Value Smell,30000,680,"[542653.0, 628699.0, 360199.0, 487066.0, 258610.0, 479978.0, 333860.0, 505507.0, 240865.0, 376657.0, 292869.0, 447130.0, 252195.0, 249445.0, 252584.0, 284660.0, 255832.0, 242579.0, 354839.0, 317631.0]",credit card,11,MARRIAGE,1.121701505744539,0.0254701034009336,0.7464600000000351
320,2,BILL_AMT4,Extreme Value Smell,30000,680,"[542653.0, 628699.0, 360199.0, 487066.0, 258610.0, 479978.0, 333860.0, 505507.0, 240865.0, 376657.0, 292869.0, 447130.0, 252195.0, 249445.0, 252584.0, 284660.0, 255832.0, 242579.0, 354839.0, 317631.0]",credit card,12,EDUCATION,0.8721905374378761,-0.0303353891897271,0.7464600000000351
324,1,BILL_AMT5,Suspect Sign Smell,30000,655,"[-159.0, -1488.0, -28335.0, -679.0, -103.0, -3272.0, -946.0, -10.0, -2.0, -1005.0, -150.0, -6.0, -65.0, -22.0, -5000.0, -200.0, -10.0, -387.0, -18.0, -783.0]",credit card,10,SEX,1.1632123935364134,0.0339094653753049,0.7464600000000351
325,1,BILL_AMT5,Suspect Sign Smell,30000,655,"[-159.0, -1488.0, -28335.0, -679.0, -103.0, -3272.0, -946.0, -10.0, -2.0, -1005.0, -150.0, -6.0, -65.0, -22.0, -5000.0, -200.0, -10.0, -387.0, -18.0, -783.0]",credit card,11,MARRIAGE,1.121701505744539,0.0254701034009336,0.7464600000000351
326,1,BILL_AMT5,Suspect Sign Smell,30000,655,"[-159.0, -1488.0, -28335.0, -679.0, -103.0, -3272.0, -946.0, -10.0, -2.0, -1005.0, -150.0, -6.0, -65.0, -22.0, -5000.0, -200.0, -10.0, -387.0, -18.0, -783.0]",credit card,12,EDUCATION,0.8721905374378761,-0.0303353891897271,0.7464600000000351
327,2,BILL_AMT5,Extreme Value Smell,30000,651,"[483003.0, 356656.0, 471145.0, 246491.0, 227775.0, 305145.0, 335760.0, 484612.0, 234939.0, 356636.0, 292885.0, 223690.0, 440982.0, 257496.0, 222831.0, 255892.0, 245462.0, 229683.0, 238245.0, 369532.0]",credit card,10,SEX,1.1632123935364134,0.0339094653753049,0.7464600000000351
328,2,BILL_AMT5,Extreme Value Smell,30000,651,"[483003.0, 356656.0, 471145.0, 246491.0, 227775.0, 305145.0, 335760.0, 484612.0, 234939.0, 356636.0, 292885.0, 223690.0, 440982.0, 257496.0, 222831.0, 255892.0, 245462.0, 229683.0, 238245.0, 369532.0]",credit card,11,MARRIAGE,1.121701505744539,0.0254701034009336,0.7464600000000351
329,2,BILL_AMT5,Extreme Value Smell,30000,651,"[483003.0, 356656.0, 471145.0, 246491.0, 227775.0, 305145.0, 335760.0, 484612.0, 234939.0, 356636.0, 292885.0, 223690.0, 440982.0, 257496.0, 222831.0, 255892.0, 245462.0, 229683.0, 238245.0, 369532.0]",credit card,12,EDUCATION,0.8721905374378761,-0.0303353891897271,0.7464600000000351
333,1,BILL_AMT6,Suspect Sign Smell,30000,688,"[-189.0, -1884.0, -103.0, -780.0, -246.0, -3272.0, -946.0, -339603.0, -2.0, -150.0, -200.0, -3.0, -200.0, -18.0, -281.0, -304.0, -2.0, -1.0, -2303.0, -16.0]",credit card,10,SEX,1.1632123935364134,0.0339094653753049,0.7464600000000351
334,1,BILL_AMT6,Suspect Sign Smell,30000,688,"[-189.0, -1884.0, -103.0, -780.0, -246.0, -3272.0, -946.0, -339603.0, -2.0, -150.0, -200.0, -3.0, -200.0, -18.0, -281.0, -304.0, -2.0, -1.0, -2303.0, -16.0]",credit card,11,MARRIAGE,1.121701505744539,0.0254701034009336,0.7464600000000351
335,1,BILL_AMT6,Suspect Sign Smell,30000,688,"[-189.0, -1884.0, -103.0, -780.0, -246.0, -3272.0, -946.0, -339603.0, -2.0, -150.0, -200.0, -3.0, -200.0, -18.0, -281.0, -304.0, -2.0, -1.0, -2303.0, -16.0]",credit card,12,EDUCATION,0.8721905374378761,-0.0303353891897271,0.7464600000000351
336,2,BILL_AMT6,Extreme Value Smell,30000,651,"[473944.0, 364089.0, 469961.0, 228203.0, 309959.0, 330121.0, -339603.0, 419643.0, 240176.0, 303510.0, 281826.0, 221413.0, 434715.0, 263018.0, 238266.0, 250244.0, 235837.0, 233710.0, 367399.0, 305498.0]",credit card,10,SEX,1.1632123935364134,0.0339094653753049,0.7464600000000351
337,2,BILL_AMT6,Extreme Value Smell,30000,651,"[473944.0, 364089.0, 469961.0, 228203.0, 309959.0, 330121.0, -339603.0, 419643.0, 240176.0, 303510.0, 281826.0, 221413.0, 434715.0, 263018.0, 238266.0, 250244.0, 235837.0, 233710.0, 367399.0, 305498.0]",credit card,11,MARRIAGE,1.121701505744539,0.0254701034009336,0.7464600000000351
338,2,BILL_AMT6,Extreme Value Smell,30000,651,"[473944.0, 364089.0, 469961.0, 228203.0, 309959.0, 330121.0, -339603.0, 419643.0, 240176.0, 303510.0, 281826.0, 221413.0, 434715.0, 263018.0, 238266.0, 250244.0, 235837.0, 233710.0, 367399.0, 305498.0]",credit card,12,EDUCATION,0.8721905374378761,-0.0303353891897271,0.7464600000000351
342,1,EDUCATION,Extreme Value Smell,30000,331,"[5, 5, 5, 6, 6, 6, 5, 5, 5, 6, 5, 5, 6, 5, 5, 5, 5, 5, 5, 5]",credit card,10,SEX,1.1632123935364134,0.0339094653753049,0.7464600000000351
343,1,EDUCATION,Extreme Value Smell,30000,331,"[5, 5, 5, 6, 6, 6, 5, 5, 5, 6, 5, 5, 6, 5, 5, 5, 5, 5, 5, 5]",credit card,11,MARRIAGE,1.121701505744539,0.0254701034009336,0.7464600000000351
344,1,EDUCATION,Extreme Value Smell,30000,331,"[5, 5, 5, 6, 6, 6, 5, 5, 5, 6, 5, 5, 6, 5, 5, 5, 5, 5, 5, 5]",credit card,12,EDUCATION,0.8721905374378761,-0.0303353891897271,0.7464600000000351
348,1,LIMIT_BAL,Extreme Value Smell,30000,130,"[630000.0, 580000.0, 600000.0, 620000.0, 630000.0, 610000.0, 700000.0, 670000.0, 680000.0, 630000.0, 580000.0, 580000.0, 1000000.0, 600000.0, 580000.0, 600000.0, 710000.0, 560000.0, 710000.0, 750000.0]",credit card,10,SEX,1.1632123935364134,0.0339094653753049,0.7464600000000351
349,1,LIMIT_BAL,Extreme Value Smell,30000,130,"[630000.0, 580000.0, 600000.0, 620000.0, 630000.0, 610000.0, 700000.0, 670000.0, 680000.0, 630000.0, 580000.0, 580000.0, 1000000.0, 600000.0, 580000.0, 600000.0, 710000.0, 560000.0, 710000.0, 750000.0]",credit card,11,MARRIAGE,1.121701505744539,0.0254701034009336,0.7464600000000351
350,1,LIMIT_BAL,Extreme Value Smell,30000,130,"[630000.0, 580000.0, 600000.0, 620000.0, 630000.0, 610000.0, 700000.0, 670000.0, 680000.0, 630000.0, 580000.0, 580000.0, 1000000.0, 600000.0, 580000.0, 600000.0, 710000.0, 560000.0, 710000.0, 750000.0]",credit card,12,EDUCATION,0.8721905374378761,-0.0303353891897271,0.7464600000000351
357,1,PAY_0,Suspect Sign Smell,30000,6818,"[2, 1, 1, 1, 1, 2, 1, 2, 1, 1, 1, 2, 2, 2, 2, 1, 2, 2, 1, 1]",credit card,10,SEX,1.1632123935364134,0.0339094653753049,0.7464600000000351
358,1,PAY_0,Suspect Sign Smell,30000,6818,"[2, 1, 1, 1, 1, 2, 1, 2, 1, 1, 1, 2, 2, 2, 2, 1, 2, 2, 1, 1]",credit card,11,MARRIAGE,1.121701505744539,0.0254701034009336,0.7464600000000351
359,1,PAY_0,Suspect Sign Smell,30000,6818,"[2, 1, 1, 1, 1, 2, 1, 2, 1, 1, 1, 2, 2, 2, 2, 1, 2, 2, 1, 1]",credit card,12,EDUCATION,0.8721905374378761,-0.0303353891897271,0.7464600000000351
360,2,PAY_0,Extreme Value Smell,30000,141,"[4, 4, 8, 8, 4, 8, 4, 8, 4, 7, 8, 4, 4, 7, 4, 8, 4, 5, 7, 4]",credit card,10,SEX,1.1632123935364134,0.0339094653753049,0.7464600000000351
361,2,PAY_0,Extreme Value Smell,30000,141,"[4, 4, 8, 8, 4, 8, 4, 8, 4, 7, 8, 4, 4, 7, 4, 8, 4, 5, 7, 4]",credit card,11,MARRIAGE,1.121701505744539,0.0254701034009336,0.7464600000000351
362,2,PAY_0,Extreme Value Smell,30000,141,"[4, 4, 8, 8, 4, 8, 4, 8, 4, 7, 8, 4, 4, 7, 4, 8, 4, 5, 7, 4]",credit card,12,EDUCATION,0.8721905374378761,-0.0303353891897271,0.7464600000000351
366,1,PAY_2,Suspect Sign Smell,30000,4438,"[2, 2, 2, 2, 2, 2, 3, 2, 2, 2, 2, 2, 2, 2, 2, 2, 2, 2, 2, 2]",credit card,10,SEX,1.1632123935364134,0.0339094653753049,0.7464600000000351
367,1,PAY_2,Suspect Sign Smell,30000,4438,"[2, 2, 2, 2, 2, 2, 3, 2, 2, 2, 2, 2, 2, 2, 2, 2, 2, 2, 2, 2]",credit card,11,MARRIAGE,1.121701505744539,0.0254701034009336,0.7464600000000351
368,1,PAY_2,Suspect Sign Smell,30000,4438,"[2, 2, 2, 2, 2, 2, 3, 2, 2, 2, 2, 2, 2, 2, 2, 2, 2, 2, 2, 2]",credit card,12,EDUCATION,0.8721905374378761,-0.0303353891897271,0.7464600000000351
369,2,PAY_2,Extreme Value Smell,30000,157,"[5, 7, 7, 7, 4, 7, 4, 6, 4, 6, 7, 6, 7, 4, 6, 6, 4, 4, 4, 4]",credit card,10,SEX,1.1632123935364134,0.0339094653753049,0.7464600000000351
370,2,PAY_2,Extreme Value Smell,30000,157,"[5, 7, 7, 7, 4, 7, 4, 6, 4, 6, 7, 6, 7, 4, 6, 6, 4, 4, 4, 4]",credit card,11,MARRIAGE,1.121701505744539,0.0254701034009336,0.7464600000000351
371,2,PAY_2,Extreme Value Smell,30000,157,"[5, 7, 7, 7, 4, 7, 4, 6, 4, 6, 7, 6, 7, 4, 6, 6, 4, 4, 4, 4]",credit card,12,EDUCATION,0.8721905374378761,-0.0303353891897271,0.7464600000000351
375,1,PAY_3,Suspect Sign Smell,30000,4213,"[2, 2, 2, 2, 2, 2, 2, 2, 2, 2, 2, 2, 2, 2, 2, 2, 2, 2, 2, 2]",credit card,10,SEX,1.1632123935364134,0.0339094653753049,0.7464600000000351
376,1,PAY_3,Suspect Sign Smell,30000,4213,"[2, 2, 2, 2, 2, 2, 2, 2, 2, 2, 2, 2, 2, 2, 2, 2, 2, 2, 2, 2]",credit card,11,MARRIAGE,1.121701505744539,0.0254701034009336,0.7464600000000351
377,1,PAY_3,Suspect Sign Smell,30000,4213,"[2, 2, 2, 2, 2, 2, 2, 2, 2, 2, 2, 2, 2, 2, 2, 2, 2, 2, 2, 2]",credit card,12,EDUCATION,0.8721905374378761,-0.0303353891897271,0.7464600000000351
378,2,PAY_3,Extreme Value Smell,30000,150,"[4, 4, 6, 7, 4, 6, 6, 4, 7, 5, 6, 4, 4, 4, 7, 7, 5, 7, 5, 5]",credit card,10,SEX,1.1632123935364134,0.0339094653753049,0.7464600000000351
379,2,PAY_3,Extreme Value Smell,30000,150,"[4, 4, 6, 7, 4, 6, 6, 4, 7, 5, 6, 4, 4, 4, 7, 7, 5, 7, 5, 5]",credit card,11,MARRIAGE,1.121701505744539,0.0254701034009336,0.7464600000000351
380,2,PAY_3,Extreme Value Smell,30000,150,"[4, 4, 6, 7, 4, 6, 6, 4, 7, 5, 6, 4, 4, 4, 7, 7, 5, 7, 5, 5]",credit card,12,EDUCATION,0.8721905374378761,-0.0303353891897271,0.7464600000000351
384,1,PAY_4,Suspect Sign Smell,30000,3510,"[2, 2, 2, 2, 2, 2, 2, 2, 2, 2, 2, 3, 2, 2, 2, 4, 2, 2, 2, 4]",credit card,10,SEX,1.1632123935364134,0.0339094653753049,0.7464600000000351
385,1,PAY_4,Suspect Sign Smell,30000,3510,"[2, 2, 2, 2, 2, 2, 2, 2, 2, 2, 2, 3, 2, 2, 2, 4, 2, 2, 2, 4]",credit card,11,MARRIAGE,1.121701505744539,0.0254701034009336,0.7464600000000351
386,1,PAY_4,Suspect Sign Smell,30000,3510,"[2, 2, 2, 2, 2, 2, 2, 2, 2, 2, 2, 3, 2, 2, 2, 4, 2, 2, 2, 4]",credit card,12,EDUCATION,0.8721905374378761,-0.0303353891897271,0.7464600000000351
387,2,PAY_4,Extreme Value Smell,30000,169,"[4, 4, 5, 7, 5, 5, 7, 5, 5, 4, 7, 7, 5, 7, 4, 4, 6, 4, 5, 7]",credit card,10,SEX,1.1632123935364134,0.0339094653753049,0.7464600000000351
388,2,PAY_4,Extreme Value Smell,30000,169,"[4, 4, 5, 7, 5, 5, 7, 5, 5, 4, 7, 7, 5, 7, 4, 4, 6, 4, 5, 7]",credit card,11,MARRIAGE,1.121701505744539,0.0254701034009336,0.7464600000000351
389,2,PAY_4,Extreme Value Smell,30000,169,"[4, 4, 5, 7, 5, 5, 7, 5, 5, 4, 7, 7, 5, 7, 4, 4, 6, 4, 5, 7]",credit card,12,EDUCATION,0.8721905374378761,-0.0303353891897271,0.7464600000000351
393,1,PAY_5,Suspect Sign Smell,30000,2968,"[2, 2, 2, 2, 2, 2, 2, 2, 2, 2, 2, 2, 2, 3, 2, 2, 2, 5, 2, 2]",credit card,10,SEX,1.1632123935364134,0.0339094653753049,0.7464600000000351
394,1,PAY_5,Suspect Sign Smell,30000,2968,"[2, 2, 2, 2, 2, 2, 2, 2, 2, 2, 2, 2, 2, 3, 2, 2, 2, 5, 2, 2]",credit card,11,MARRIAGE,1.121701505744539,0.0254701034009336,0.7464600000000351
395,1,PAY_5,Suspect Sign Smell,30000,2968,"[2, 2, 2, 2, 2, 2, 2, 2, 2, 2, 2, 2, 2, 3, 2, 2, 2, 5, 2, 2]",credit card,12,EDUCATION,0.8721905374378761,-0.0303353891897271,0.7464600000000351
396,2,PAY_5,Extreme Value Smell,30000,164,"[5, 4, 7, 4, 4, 7, 4, 4, 4, 7, 4, 7, 4, 7, 4, 7, 4, 4, 7, 4]",credit card,10,SEX,1.1632123935364134,0.0339094653753049,0.7464600000000351
397,2,PAY_5,Extreme Value Smell,30000,164,"[5, 4, 7, 4, 4, 7, 4, 4, 4, 7, 4, 7, 4, 7, 4, 7, 4, 4, 7, 4]",credit card,11,MARRIAGE,1.121701505744539,0.0254701034009336,0.7464600000000351
398,2,PAY_5,Extreme Value Smell,30000,164,"[5, 4, 7, 4, 4, 7, 4, 4, 4, 7, 4, 7, 4, 7, 4, 7, 4, 4, 7, 4]",credit card,12,EDUCATION,0.8721905374378761,-0.0303353891897271,0.7464600000000351
402,1,PAY_6,Suspect Sign Smell,30000,3079,"[2, 2, 2, 2, 2, 2, 2, 2, 2, 2, 2, 3, 2, 2, 2, 3, 6, 2, 2, 3]",credit card,10,SEX,1.1632123935364134,0.0339094653753049,0.7464600000000351
403,1,PAY_6,Suspect Sign Smell,30000,3079,"[2, 2, 2, 2, 2, 2, 2, 2, 2, 2, 2, 3, 2, 2, 2, 3, 6, 2, 2, 3]",credit card,11,MARRIAGE,1.121701505744539,0.0254701034009336,0.7464600000000351
404,1,PAY_6,Suspect Sign Smell,30000,3079,"[2, 2, 2, 2, 2, 2, 2, 2, 2, 2, 2, 3, 2, 2, 2, 3, 6, 2, 2, 3]",credit card,12,EDUCATION,0.8721905374378761,-0.0303353891897271,0.7464600000000351
405,2,PAY_6,Extreme Value Smell,30000,129,"[6, 4, 6, 6, 7, 4, 7, 7, 6, 8, 6, 7, 4, 7, 4, 4, 4, 6, 4, 4]",credit card,10,SEX,1.1632123935364134,0.0339094653753049,0.7464600000000351
406,2,PAY_6,Extreme Value Smell,30000,129,"[6, 4, 6, 6, 7, 4, 7, 7, 6, 8, 6, 7, 4, 7, 4, 4, 4, 6, 4, 4]",credit card,11,MARRIAGE,1.121701505744539,0.0254701034009336,0.7464600000000351
407,2,PAY_6,Extreme Value Smell,30000,129,"[6, 4, 6, 6, 7, 4, 7, 7, 6, 8, 6, 7, 4, 7, 4, 4, 4, 6, 4, 4]",credit card,12,EDUCATION,0.8721905374378761,-0.0303353891897271,0.7464600000000351
411,1,PAY_AMT1,Extreme Value Smell,30000,390,"[70010.0, 57087.0, 80000.0, 80000.0, 120093.0, 120041.0, 90000.0, 67650.0, 199646.0, 81690.0, 75459.0, 78016.0, 239104.0, 75351.0, 58761.0, 80004.0, 87004.0, 83754.0, 210000.0, 100000.0]",credit card,10,SEX,1.1632123935364134,0.0339094653753049,0.7464600000000351
412,1,PAY_AMT1,Extreme Value Smell,30000,390,"[70010.0, 57087.0, 80000.0, 80000.0, 120093.0, 120041.0, 90000.0, 67650.0, 199646.0, 81690.0, 75459.0, 78016.0, 239104.0, 75351.0, 58761.0, 80004.0, 87004.0, 83754.0, 210000.0, 100000.0]",credit card,11,MARRIAGE,1.121701505744539,0.0254701034009336,0.7464600000000351
413,1,PAY_AMT1,Extreme Value Smell,30000,390,"[70010.0, 57087.0, 80000.0, 80000.0, 120093.0, 120041.0, 90000.0, 67650.0, 199646.0, 81690.0, 75459.0, 78016.0, 239104.0, 75351.0, 58761.0, 80004.0, 87004.0, 83754.0, 210000.0, 100000.0]",credit card,12,EDUCATION,0.8721905374378761,-0.0303353891897271,0.7464600000000351
417,1,PAY_AMT2,Extreme Value Smell,30000,307,"[145000.0, 199982.0, 285138.0, 88678.0, 75720.0, 177671.0, 84440.0, 104279.0, 120407.0, 120927.0, 170000.0, 121715.0, 129990.0, 182123.0, 83000.0, 180519.0, 85000.0, 86697.0, 167622.0, 100044.0]",credit card,10,SEX,1.1632123935364134,0.0339094653753049,0.7464600000000351
418,1,PAY_AMT2,Extreme Value Smell,30000,307,"[145000.0, 199982.0, 285138.0, 88678.0, 75720.0, 177671.0, 84440.0, 104279.0, 120407.0, 120927.0, 170000.0, 121715.0, 129990.0, 182123.0, 83000.0, 180519.0, 85000.0, 86697.0, 167622.0, 100044.0]",credit card,11,MARRIAGE,1.121701505744539,0.0254701034009336,0.7464600000000351
419,1,PAY_AMT2,Extreme Value Smell,30000,307,"[145000.0, 199982.0, 285138.0, 88678.0, 75720.0, 177671.0, 84440.0, 104279.0, 120407.0, 120927.0, 170000.0, 121715.0, 129990.0, 182123.0, 83000.0, 180519.0, 85000.0, 86697.0, 167622.0, 100044.0]",credit card,12,EDUCATION,0.8721905374378761,-0.0303353891897271,0.7464600000000351
423,1,PAY_AMT3,Extreme Value Smell,30000,362,"[75940.0, 80000.0, 133657.0, 68454.0, 130000.0, 62520.0, 65840.0, 61411.0, 74354.0, 89000.0, 85784.0, 222750.0, 152618.0, 103000.0, 116446.0, 100000.0, 110017.0, 61000.0, 110699.0, 72529.0]",credit card,10,SEX,1.1632123935364134,0.0339094653753049,0.7464600000000351
424,1,PAY_AMT3,Extreme Value Smell,30000,362,"[75940.0, 80000.0, 133657.0, 68454.0, 130000.0, 62520.0, 65840.0, 61411.0, 74354.0, 89000.0, 85784.0, 222750.0, 152618.0, 103000.0, 116446.0, 100000.0, 110017.0, 61000.0, 110699.0, 72529.0]",credit card,11,MARRIAGE,1.121701505744539,0.0254701034009336,0.7464600000000351
425,1,PAY_AMT3,Extreme Value Smell,30000,362,"[75940.0, 80000.0, 133657.0, 68454.0, 130000.0, 62520.0, 65840.0, 61411.0, 74354.0, 89000.0, 85784.0, 222750.0, 152618.0, 103000.0, 116446.0, 100000.0, 110017.0, 61000.0, 110699.0, 72529.0]",credit card,12,EDUCATION,0.8721905374378761,-0.0303353891897271,0.7464600000000351
429,1,PAY_AMT4,Extreme Value Smell,30000,396,"[71439.0, 188840.0, 80552.0, 146900.0, 100000.0, 99669.0, 77000.0, 88348.0, 97441.0, 54456.0, 79377.0, 107591.0, 99000.0, 60800.0, 100000.0, 90729.0, 89437.0, 69000.0, 98000.0, 161110.0]",credit card,10,SEX,1.1632123935364134,0.0339094653753049,0.7464600000000351
430,1,PAY_AMT4,Extreme Value Smell,30000,396,"[71439.0, 188840.0, 80552.0, 146900.0, 100000.0, 99669.0, 77000.0, 88348.0, 97441.0, 54456.0, 79377.0, 107591.0, 99000.0, 60800.0, 100000.0, 90729.0, 89437.0, 69000.0, 98000.0, 161110.0]",credit card,11,MARRIAGE,1.121701505744539,0.0254701034009336,0.7464600000000351
431,1,PAY_AMT4,Extreme Value Smell,30000,396,"[71439.0, 188840.0, 80552.0, 146900.0, 100000.0, 99669.0, 77000.0, 88348.0, 97441.0, 54456.0, 79377.0, 107591.0, 99000.0, 60800.0, 100000.0, 90729.0, 89437.0, 69000.0, 98000.0, 161110.0]",credit card,12,EDUCATION,0.8721905374378761,-0.0303353891897271,0.7464600000000351
435,1,PAY_AMT5,Extreme Value Smell,30000,414,"[195599.0, 133841.0, 52183.0, 85632.0, 162000.0, 78388.0, 101005.0, 100000.0, 160719.0, 130291.0, 184922.0, 85900.0, 51041.0, 132200.0, 65373.0, 100000.0, 77500.0, 64524.0, 65755.0, 61707.0]",credit card,10,SEX,1.1632123935364134,0.0339094653753049,0.7464600000000351
436,1,PAY_AMT5,Extreme Value Smell,30000,414,"[195599.0, 133841.0, 52183.0, 85632.0, 162000.0, 78388.0, 101005.0, 100000.0, 160719.0, 130291.0, 184922.0, 85900.0, 51041.0, 132200.0, 65373.0, 100000.0, 77500.0, 64524.0, 65755.0, 61707.0]",credit card,11,MARRIAGE,1.121701505744539,0.0254701034009336,0.7464600000000351
437,1,PAY_AMT5,Extreme Value Smell,30000,414,"[195599.0, 133841.0, 52183.0, 85632.0, 162000.0, 78388.0, 101005.0, 100000.0, 160719.0, 130291.0, 184922.0, 85900.0, 51041.0, 132200.0, 65373.0, 100000.0, 77500.0, 64524.0, 65755.0, 61707.0]",credit card,12,EDUCATION,0.8721905374378761,-0.0303353891897271,0.7464600000000351
441,1,PAY_AMT6,Extreme Value Smell,30000,439,"[68978.0, 65935.0, 65000.0, 345293.0, 77195.0, 67619.0, 528666.0, 167000.0, 153504.0, 105700.0, 185652.0, 126685.0, 110247.0, 66950.0, 171944.0, 66710.0, 84430.0, 96583.0, 105423.0, 92250.0]",credit card,10,SEX,1.1632123935364134,0.0339094653753049,0.7464600000000351
442,1,PAY_AMT6,Extreme Value Smell,30000,439,"[68978.0, 65935.0, 65000.0, 345293.0, 77195.0, 67619.0, 528666.0, 167000.0, 153504.0, 105700.0, 185652.0, 126685.0, 110247.0, 66950.0, 171944.0, 66710.0, 84430.0, 96583.0, 105423.0, 92250.0]",credit card,11,MARRIAGE,1.121701505744539,0.0254701034009336,0.7464600000000351
443,1,PAY_AMT6,Extreme Value Smell,30000,439,"[68978.0, 65935.0, 65000.0, 345293.0, 77195.0, 67619.0, 528666.0, 167000.0, 153504.0, 105700.0, 185652.0, 126685.0, 110247.0, 66950.0, 171944.0, 66710.0, 84430.0, 96583.0, 105423.0, 92250.0]",credit card,12,EDUCATION,0.8721905374378761,-0.0303353891897271,0.7464600000000351
453,1,age,Extreme Value Smell,7214,29,"[71, 78, 71, 83, 75, 72, 72, 74, 75, 96, 73, 71, 71, 75, 72, 83, 74, 77, 75, 80]",compas recid,13,race,1.2689103868524942,0.1305990650433515,0.8952037704463539
456,1,c_arrest_date,Missing Value Smell,7214,6077,"[nan, nan, nan, nan, nan, nan, nan, nan, nan, nan, nan, nan, nan, nan, nan, nan, nan, nan, nan, nan]",compas recid,13,race,1.2689103868524942,0.1305990650433515,0.8952037704463539
458,1,c_case_number,Missing Value Smell,7214,22,"[nan, nan, nan, nan, nan, nan, nan, nan, nan, nan, nan, nan, nan, nan, nan, nan, nan, nan, nan, nan]",compas recid,13,race,1.2689103868524942,0.1305990650433515,0.8952037704463539
460,1,c_charge_desc,Missing Value Smell,7214,29,"[nan, nan, nan, nan, nan, nan, nan, nan, nan, nan, nan, nan, nan, nan, nan, nan, nan, nan, nan, nan]",compas recid,13,race,1.2689103868524942,0.1305990650433515,0.8952037704463539
463,1,c_days_from_compas,Missing Value Smell,7214,22,"[nan, nan, nan, nan, nan, nan, nan, nan, nan, nan, nan, nan, nan, nan, nan, nan, nan, nan, nan, nan]",compas recid,13,race,1.2689103868524942,0.1305990650433515,0.8952037704463539
464,2,c_days_from_compas,Extreme Value Smell,7214,110,"[5185.0, 1672.0, 2147.0, 1562.0, 1834.0, 1183.0, 1510.0, 1320.0, 1159.0, 1599.0, 2994.0, 1694.0, 1123.0, 4696.0, 2302.0, 1173.0, 7604.0, 2183.0, 1625.0, 1832.0]",compas recid,13,race,1.2689103868524942,0.1305990650433515,0.8952037704463539
466,1,c_jail_in,Missing Value Smell,7214,307,"[nan, nan, nan, nan, nan, nan, nan, nan, nan, nan, nan, nan, nan, nan, nan, nan, nan, nan, nan, nan]",compas recid,13,race,1.2689103868524942,0.1305990650433515,0.8952037704463539
467,1,c_jail_out,Missing Value Smell,7214,307,"[nan, nan, nan, nan, nan, nan, nan, nan, nan, nan, nan, nan, nan, nan, nan, nan, nan, nan, nan, nan]",compas recid,13,race,1.2689103868524942,0.1305990650433515,0.8952037704463539
469,1,c_offense_date,Missing Value Smell,7214,1159,"[nan, nan, nan, nan, nan, nan, nan, nan, nan, nan, nan, nan, nan, nan, nan, nan, nan, nan, nan, nan]",compas recid,13,race,1.2689103868524942,0.1305990650433515,0.8952037704463539
472,1,days_b_screening_arrest,Missing Value Smell,7214,307,"[nan, nan, nan, nan, nan, nan, nan, nan, nan, nan, nan, nan, nan, nan, nan, nan, nan, nan, nan, nan]",compas recid,13,race,1.2689103868524942,0.1305990650433515,0.8952037704463539
473,2,days_b_screening_arrest,Suspect Sign Smell,7214,353,"[428.0, 22.0, 53.0, 81.0, 302.0, 70.0, 137.0, 178.0, 67.0, 22.0, 29.0, 289.0, 49.0, 104.0, 649.0, 29.0, 150.0, 161.0, 812.0, 53.0]",compas recid,13,race,1.2689103868524942,0.1305990650433515,0.8952037704463539
474,3,days_b_screening_arrest,Extreme Value Smell,7214,150,"[428.0, 302.0, 289.0, -227.0, 649.0, 812.0, -232.0, 299.0, -266.0, 300.0, -312.0, -263.0, 622.0, 747.0, 320.0, -306.0, 236.0, -268.0, 773.0, 496.0]",compas recid,13,race,1.2689103868524942,0.1305990650433515,0.8952037704463539
482,1,in_custody,Missing Value Smell,7214,236,"[nan, nan, nan, nan, nan, nan, nan, nan, nan, nan, nan, nan, nan, nan, nan, nan, nan, nan, nan, nan]",compas recid,13,race,1.2689103868524942,0.1305990650433515,0.8952037704463539
486,1,juv_fel_count,Extreme Value Smell,7214,93,"[2, 2, 2, 8, 4, 2, 2, 2, 2, 2, 3, 2, 3, 9, 4, 2, 2, 2, 2, 2]",compas recid,13,race,1.2689103868524942,0.1305990650433515,0.8952037704463539
488,1,juv_misd_count,Extreme Value Smell,7214,124,"[6, 12, 2, 2, 2, 2, 2, 2, 4, 2, 2, 3, 3, 2, 2, 8, 3, 2, 3, 3]",compas recid,13,race,1.2689103868524942,0.1305990650433515,0.8952037704463539
490,1,juv_other_count,Extreme Value Smell,7214,155,"[2, 3, 4, 2, 2, 2, 2, 2, 4, 2, 2, 2, 4, 3, 4, 2, 2, 2, 2, 2]",compas recid,13,race,1.2689103868524942,0.1305990650433515,0.8952037704463539
496,1,out_custody,Missing Value Smell,7214,236,"[nan, nan, nan, nan, nan, nan, nan, nan, nan, nan, nan, nan, nan, nan, nan, nan, nan, nan, nan, nan]",compas recid,13,race,1.2689103868524942,0.1305990650433515,0.8952037704463539
498,1,priors_count,Extreme Value Smell,7214,170,"[21, 20, 28, 19, 22, 23, 23, 25, 24, 36, 23, 23, 21, 28, 20, 33, 20, 23, 20, 20]",compas recid,13,race,1.2689103868524942,0.1305990650433515,0.8952037704463539
500,1,priors_count.1,Extreme Value Smell,7214,170,"[21, 20, 28, 19, 22, 23, 23, 25, 24, 36, 23, 23, 21, 28, 20, 33, 20, 23, 20, 20]",compas recid,13,race,1.2689103868524942,0.1305990650433515,0.8952037704463539
502,1,r_case_number,Missing Value Smell,7214,3743,"[nan, nan, nan, nan, nan, nan, nan, nan, nan, nan, nan, nan, nan, nan, nan, nan, nan, nan, nan, nan]",compas recid,13,race,1.2689103868524942,0.1305990650433515,0.8952037704463539
503,1,r_charge_degree,Missing Value Smell,7214,3743,"[nan, nan, nan, nan, nan, nan, nan, nan, nan, nan, nan, nan, nan, nan, nan, nan, nan, nan, nan, nan]",compas recid,13,race,1.2689103868524942,0.1305990650433515,0.8952037704463539
505,1,r_charge_desc,Missing Value Smell,7214,3801,"[nan, nan, nan, nan, nan, nan, nan, nan, nan, nan, nan, nan, nan, nan, nan, nan, nan, nan, nan, nan]",compas recid,13,race,1.2689103868524942,0.1305990650433515,0.8952037704463539
508,1,r_days_from_arrest,Missing Value Smell,7214,4898,"[nan, nan, nan, nan, nan, nan, nan, nan, nan, nan, nan, nan, nan, nan, nan, nan, nan, nan, nan, nan]",compas recid,13,race,1.2689103868524942,0.1305990650433515,0.8952037704463539
509,2,r_days_from_arrest,Suspect Sign Smell,7214,6,"[-1.0, -1.0, -1.0, -1.0, -1.0, -1.0]",compas recid,13,race,1.2689103868524942,0.1305990650433515,0.8952037704463539
510,3,r_days_from_arrest,Extreme Value Smell,7214,56,"[362.0, 554.0, 294.0, 417.0, 445.0, 354.0, 523.0, 596.0, 282.0, 614.0, 308.0, 273.0, 249.0, 993.0, 275.0, 314.0, 280.0, 395.0, 721.0, 362.0]",compas recid,13,race,1.2689103868524942,0.1305990650433515,0.8952037704463539
512,1,r_jail_in,Missing Value Smell,7214,4898,"[nan, nan, nan, nan, nan, nan, nan, nan, nan, nan, nan, nan, nan, nan, nan, nan, nan, nan, nan, nan]",compas recid,13,race,1.2689103868524942,0.1305990650433515,0.8952037704463539
514,1,r_jail_out,Missing Value Smell,7214,4898,"[nan, nan, nan, nan, nan, nan, nan, nan, nan, nan, nan, nan, nan, nan, nan, nan, nan, nan, nan, nan]",compas recid,13,race,1.2689103868524942,0.1305990650433515,0.8952037704463539
516,1,r_offense_date,Missing Value Smell,7214,3743,"[nan, nan, nan, nan, nan, nan, nan, nan, nan, nan, nan, nan, nan, nan, nan, nan, nan, nan, nan, nan]",compas recid,13,race,1.2689103868524942,0.1305990650433515,0.8952037704463539
522,1,start,Extreme Value Smell,7214,132,"[241, 176, 187, 358, 222, 209, 219, 574, 640, 180, 323, 248, 580, 666, 219, 265, 672, 158, 208, 183]",compas recid,13,race,1.2689103868524942,0.1305990650433515,0.8952037704463539
530,1,violent_recid,Missing Value Smell,7214,7214,"[nan, nan, nan, nan, nan, nan, nan, nan, nan, nan, nan, nan, nan, nan, nan, nan, nan, nan, nan, nan]",compas recid,13,race,1.2689103868524942,0.1305990650433515,0.8952037704463539
531,1,vr_case_number,Missing Value Smell,7214,6395,"[nan, nan, nan, nan, nan, nan, nan, nan, nan, nan, nan, nan, nan, nan, nan, nan, nan, nan, nan, nan]",compas recid,13,race,1.2689103868524942,0.1305990650433515,0.8952037704463539
532,1,vr_charge_degree,Missing Value Smell,7214,6395,"[nan, nan, nan, nan, nan, nan, nan, nan, nan, nan, nan, nan, nan, nan, nan, nan, nan, nan, nan, nan]",compas recid,13,race,1.2689103868524942,0.1305990650433515,0.8952037704463539
534,1,vr_charge_desc,Missing Value Smell,7214,6395,"[nan, nan, nan, nan, nan, nan, nan, nan, nan, nan, nan, nan, nan, nan, nan, nan, nan, nan, nan, nan]",compas recid,13,race,1.2689103868524942,0.1305990650433515,0.8952037704463539
536,1,vr_offense_date,Missing Value Smell,7214,6395,"[nan, nan, nan, nan, nan, nan, nan, nan, nan, nan, nan, nan, nan, nan, nan, nan, nan, nan, nan, nan]",compas recid,13,race,1.2689103868524942,0.1305990650433515,0.8952037704463539
538,1,age,Extreme Value Smell,4743,18,"[83, 75, 74, 75, 73, 83, 74, 77, 75, 80, 77, 76, 77, 74, 79, 77, 74, 74]",compas viol,14,race,1.1074628644813624,0.0851261437528885,0.9390681003584233
541,1,c_arrest_date,Missing Value Smell,4743,3983,"[nan, nan, nan, nan, nan, nan, nan, nan, nan, nan, nan, nan, nan, nan, nan, nan, nan, nan, nan, nan]",compas viol,14,race,1.1074628644813624,0.0851261437528885,0.9390681003584233
543,1,c_case_number,Missing Value Smell,4743,11,"[nan, nan, nan, nan, nan, nan, nan, nan, nan, nan, nan]",compas viol,14,race,1.1074628644813624,0.0851261437528885,0.9390681003584233
545,1,c_charge_desc,Missing Value Smell,4743,17,"[nan, nan, nan, nan, nan, nan, nan, nan, nan, nan, nan, nan, nan, nan, nan, nan, nan]",compas viol,14,race,1.1074628644813624,0.0851261437528885,0.9390681003584233
548,1,c_days_from_compas,Missing Value Smell,4743,11,"[nan, nan, nan, nan, nan, nan, nan, nan, nan, nan, nan]",compas viol,14,race,1.1074628644813624,0.0851261437528885,0.9390681003584233
549,2,c_days_from_compas,Extreme Value Smell,4743,78,"[5185.0, 1672.0, 2147.0, 1562.0, 1834.0, 1510.0, 1320.0, 1599.0, 2994.0, 1694.0, 4696.0, 2302.0, 7604.0, 2183.0, 1625.0, 1832.0, 2902.0, 3940.0, 1867.0, 5806.0]",compas viol,14,race,1.1074628644813624,0.0851261437528885,0.9390681003584233
551,1,c_jail_in,Missing Value Smell,4743,268,"[nan, nan, nan, nan, nan, nan, nan, nan, nan, nan, nan, nan, nan, nan, nan, nan, nan, nan, nan, nan]",compas viol,14,race,1.1074628644813624,0.0851261437528885,0.9390681003584233
552,1,c_jail_out,Missing Value Smell,4743,268,"[nan, nan, nan, nan, nan, nan, nan, nan, nan, nan, nan, nan, nan, nan, nan, nan, nan, nan, nan, nan]",compas viol,14,race,1.1074628644813624,0.0851261437528885,0.9390681003584233
554,1,c_offense_date,Missing Value Smell,4743,771,"[nan, nan, nan, nan, nan, nan, nan, nan, nan, nan, nan, nan, nan, nan, nan, nan, nan, nan, nan, nan]",compas viol,14,race,1.1074628644813624,0.0851261437528885,0.9390681003584233
557,1,days_b_screening_arrest,Missing Value Smell,4743,268,"[nan, nan, nan, nan, nan, nan, nan, nan, nan, nan, nan, nan, nan, nan, nan, nan, nan, nan, nan, nan]",compas viol,14,race,1.1074628644813624,0.0851261437528885,0.9390681003584233
558,2,days_b_screening_arrest,Suspect Sign Smell,4743,185,"[428.0, 53.0, 81.0, 178.0, 67.0, 49.0, 104.0, 649.0, 150.0, 161.0, 812.0, 53.0, 299.0, 47.0, 178.0, 61.0, 747.0, 320.0, 26.0, 236.0]",compas viol,14,race,1.1074628644813624,0.0851261437528885,0.9390681003584233
559,3,days_b_screening_arrest,Extreme Value Smell,4743,82,"[428.0, 649.0, 812.0, -232.0, 299.0, -263.0, 747.0, 320.0, -306.0, 773.0, 496.0, -305.0, 279.0, 506.0, -246.0, 689.0, 539.0, 302.0, -301.0, 336.0]",compas viol,14,race,1.1074628644813624,0.0851261437528885,0.9390681003584233
561,1,decile_score,Suspect Sign Smell,4743,5,"[-1, -1, -1, -1, -1]",compas viol,14,race,1.1074628644813624,0.0851261437528885,0.9390681003584233
563,1,decile_score.1,Suspect Sign Smell,4743,5,"[-1, -1, -1, -1, -1]",compas viol,14,race,1.1074628644813624,0.0851261437528885,0.9390681003584233
569,1,in_custody,Missing Value Smell,4743,209,"[nan, nan, nan, nan, nan, nan, nan, nan, nan, nan, nan, nan, nan, nan, nan, nan, nan, nan, nan, nan]",compas viol,14,race,1.1074628644813624,0.0851261437528885,0.9390681003584233
573,1,juv_fel_count,Extreme Value Smell,4743,37,"[8, 2, 2, 2, 3, 2, 2, 2, 20, 2, 4, 2, 4, 3, 3, 2, 3, 2, 2, 2]",compas viol,14,race,1.1074628644813624,0.0851261437528885,0.9390681003584233
575,1,juv_misd_count,Extreme Value Smell,4743,62,"[6, 2, 2, 4, 2, 2, 2, 8, 3, 3, 3, 5, 2, 2, 4, 2, 3, 3, 3, 5]",compas viol,14,race,1.1074628644813624,0.0851261437528885,0.9390681003584233
577,1,juv_other_count,Extreme Value Smell,4743,79,"[2, 4, 2, 2, 2, 2, 4, 3, 2, 2, 2, 2, 2, 2, 2, 17, 2, 4, 3, 2]",compas viol,14,race,1.1074628644813624,0.0851261437528885,0.9390681003584233
583,1,out_custody,Missing Value Smell,4743,209,"[nan, nan, nan, nan, nan, nan, nan, nan, nan, nan, nan, nan, nan, nan, nan, nan, nan, nan, nan, nan]",compas viol,14,race,1.1074628644813624,0.0851261437528885,0.9390681003584233
585,1,priors_count,Extreme Value Smell,4743,119,"[15, 15, 24, 18, 23, 16, 16, 20, 20, 16, 15, 20, 22, 16, 20, 25, 19, 17, 17, 19]",compas viol,14,race,1.1074628644813624,0.0851261437528885,0.9390681003584233
587,1,priors_count.1,Extreme Value Smell,4743,119,"[15, 15, 24, 18, 23, 16, 16, 20, 20, 16, 15, 20, 22, 16, 20, 25, 19, 17, 17, 19]",compas viol,14,race,1.1074628644813624,0.0851261437528885,0.9390681003584233
589,1,r_case_number,Missing Value Smell,4743,3748,"[nan, nan, nan, nan, nan, nan, nan, nan, nan, nan, nan, nan, nan, nan, nan, nan, nan, nan, nan, nan]",compas viol,14,race,1.1074628644813624,0.0851261437528885,0.9390681003584233
590,1,r_charge_degree,Missing Value Smell,4743,3748,"[nan, nan, nan, nan, nan, nan, nan, nan, nan, nan, nan, nan, nan, nan, nan, nan, nan, nan, nan, nan]",compas viol,14,race,1.1074628644813624,0.0851261437528885,0.9390681003584233
592,1,r_charge_desc,Missing Value Smell,4743,3771,"[nan, nan, nan, nan, nan, nan, nan, nan, nan, nan, nan, nan, nan, nan, nan, nan, nan, nan, nan, nan]",compas viol,14,race,1.1074628644813624,0.0851261437528885,0.9390681003584233
595,1,r_days_from_arrest,Missing Value Smell,4743,4053,"[nan, nan, nan, nan, nan, nan, nan, nan, nan, nan, nan, nan, nan, nan, nan, nan, nan, nan, nan, nan]",compas viol,14,race,1.1074628644813624,0.0851261437528885,0.9390681003584233
596,2,r_days_from_arrest,Suspect Sign Smell,4743,3,"[-1.0, -1.0, -1.0]",compas viol,14,race,1.1074628644813624,0.0851261437528885,0.9390681003584233
597,3,r_days_from_arrest,Extreme Value Smell,4743,18,"[136.0, 596.0, 282.0, 308.0, 140.0, 374.0, 183.0, 135.0, 132.0, 160.0, 139.0, 155.0, 136.0, 131.0, 143.0, 170.0, 194.0, 161.0]",compas viol,14,race,1.1074628644813624,0.0851261437528885,0.9390681003584233
599,1,r_jail_in,Missing Value Smell,4743,4053,"[nan, nan, nan, nan, nan, nan, nan, nan, nan, nan, nan, nan, nan, nan, nan, nan, nan, nan, nan, nan]",compas viol,14,race,1.1074628644813624,0.0851261437528885,0.9390681003584233
601,1,r_jail_out,Missing Value Smell,4743,4053,"[nan, nan, nan, nan, nan, nan, nan, nan, nan, nan, nan, nan, nan, nan, nan, nan, nan, nan, nan, nan]",compas viol,14,race,1.1074628644813624,0.0851261437528885,0.9390681003584233
603,1,r_offense_date,Missing Value Smell,4743,3748,"[nan, nan, nan, nan, nan, nan, nan, nan, nan, nan, nan, nan, nan, nan, nan, nan, nan, nan, nan, nan]",compas viol,14,race,1.1074628644813624,0.0851261437528885,0.9390681003584233
606,1,score_text,Missing Value Smell,4743,5,"[nan, nan, nan, nan, nan]",compas viol,14,race,1.1074628644813624,0.0851261437528885,0.9390681003584233
610,1,start,Extreme Value Smell,4743,94,"[135, 241, 187, 358, 129, 574, 640, 143, 180, 323, 139, 219, 127, 265, 672, 158, 208, 183, 133, 384]",compas viol,14,race,1.1074628644813624,0.0851261437528885,0.9390681003584233
619,1,violent_recid,Missing Value Smell,4743,4743,"[nan, nan, nan, nan, nan, nan, nan, nan, nan, nan, nan, nan, nan, nan, nan, nan, nan, nan, nan, nan]",compas viol,14,race,1.1074628644813624,0.0851261437528885,0.9390681003584233
620,1,vr_case_number,Missing Value Smell,4743,3924,"[nan, nan, nan, nan, nan, nan, nan, nan, nan, nan, nan, nan, nan, nan, nan, nan, nan, nan, nan, nan]",compas viol,14,race,1.1074628644813624,0.0851261437528885,0.9390681003584233
621,1,vr_charge_degree,Missing Value Smell,4743,3924,"[nan, nan, nan, nan, nan, nan, nan, nan, nan, nan, nan, nan, nan, nan, nan, nan, nan, nan, nan, nan]",compas viol,14,race,1.1074628644813624,0.0851261437528885,0.9390681003584233
623,1,vr_charge_desc,Missing Value Smell,4743,3924,"[nan, nan, nan, nan, nan, nan, nan, nan, nan, nan, nan, nan, nan, nan, nan, nan, nan, nan, nan, nan]",compas viol,14,race,1.1074628644813624,0.0851261437528885,0.9390681003584233
625,1,vr_offense_date,Missing Value Smell,4743,3924,"[nan, nan, nan, nan, nan, nan, nan, nan, nan, nan, nan, nan, nan, nan, nan, nan, nan, nan, nan, nan]",compas viol,14,race,1.1074628644813624,0.0851261437528885,0.9390681003584233
631,1,Dalc,Extreme Value Smell,395,9,"[5, 5, 5, 5, 5, 5, 5, 5, 5]",student mat,17,sex,0.9058493589743588,-0.0664592760180996,0.7458227848101262
632,1,Dalc,Extreme Value Smell,395,9,"[5, 5, 5, 5, 5, 5, 5, 5, 5]",student mat,18,age,0.7650591768238827,-0.16876030960538,0.7473417721518982
653,1,absences,Extreme Value Smell,395,6,"[54, 56, 75, 30, 38, 40]",student mat,17,sex,0.9058493589743588,-0.0664592760180996,0.7458227848101262
654,1,absences,Extreme Value Smell,395,6,"[54, 56, 75, 30, 38, 40]",student mat,18,age,0.7650591768238827,-0.16876030960538,0.7473417721518982
661,1,age,Extreme Value Smell,395,2,"[22, 21]",student mat,17,sex,0.9058493589743588,-0.0664592760180996,0.7458227848101262
662,1,age,Extreme Value Smell,395,2,"[22, 21]",student mat,18,age,0.7650591768238827,-0.16876030960538,0.7473417721518982
665,1,failures,Extreme Value Smell,395,16,"[3, 3, 3, 3, 3, 3, 3, 3, 3, 3, 3, 3, 3, 3, 3, 3]",student mat,17,sex,0.9058493589743588,-0.0664592760180996,0.7458227848101262
666,1,failures,Extreme Value Smell,395,16,"[3, 3, 3, 3, 3, 3, 3, 3, 3, 3, 3, 3, 3, 3, 3, 3]",student mat,18,age,0.7650591768238827,-0.16876030960538,0.7473417721518982
669,1,famrel,Extreme Value Smell,395,8,"[1, 1, 1, 1, 1, 1, 1, 1]",student mat,17,sex,0.9058493589743588,-0.0664592760180996,0.7458227848101262
670,1,famrel,Extreme Value Smell,395,8,"[1, 1, 1, 1, 1, 1, 1, 1]",student mat,18,age,0.7650591768238827,-0.16876030960538,0.7473417721518982
705,1,traveltime,Extreme Value Smell,395,8,"[4, 4, 4, 4, 4, 4, 4, 4]",student mat,17,sex,0.9058493589743588,-0.0664592760180996,0.7458227848101262
706,1,traveltime,Extreme Value Smell,395,8,"[4, 4, 4, 4, 4, 4, 4, 4]",student mat,18,age,0.7650591768238827,-0.16876030960538,0.7473417721518982
709,1,Dalc,Extreme Value Smell,649,17,"[5, 5, 5, 5, 5, 5, 5, 5, 5, 5, 5, 5, 5, 5, 5, 5, 5]",student por,19,sex,0.6945169712793735,-0.0574216219399673,0.8847457627118642
710,1,Dalc,Extreme Value Smell,649,17,"[5, 5, 5, 5, 5, 5, 5, 5, 5, 5, 5, 5, 5, 5, 5, 5, 5]",student por,20,age,1.5847442523614328,0.0774661189025829,0.8835130970724189
717,1,G1,Extreme Value Smell,649,1,[0],student por,19,sex,0.6945169712793735,-0.0574216219399673,0.8847457627118642
718,1,G1,Extreme Value Smell,649,1,[0],student por,20,age,1.5847442523614328,0.0774661189025829,0.8835130970724189
721,1,G2,Extreme Value Smell,649,7,"[0, 0, 0, 0, 0, 0, 0]",student por,19,sex,0.6945169712793735,-0.0574216219399673,0.8847457627118642
722,1,G2,Extreme Value Smell,649,7,"[0, 0, 0, 0, 0, 0, 0]",student por,20,age,1.5847442523614328,0.0774661189025829,0.8835130970724189
735,1,absences,Extreme Value Smell,649,11,"[24, 22, 32, 30, 21, 18, 26, 22, 18, 18, 21]",student por,19,sex,0.6945169712793735,-0.0574216219399673,0.8847457627118642
736,1,absences,Extreme Value Smell,649,11,"[24, 22, 32, 30, 21, 18, 26, 22, 18, 18, 21]",student por,20,age,1.5847442523614328,0.0774661189025829,0.8835130970724189
743,1,age,Extreme Value Smell,649,3,"[22, 21, 21]",student por,19,sex,0.6945169712793735,-0.0574216219399673,0.8847457627118642
744,1,age,Extreme Value Smell,649,3,"[22, 21, 21]",student por,20,age,1.5847442523614328,0.0774661189025829,0.8835130970724189
747,1,failures,Extreme Value Smell,649,14,"[3, 3, 3, 3, 3, 3, 3, 3, 3, 3, 3, 3, 3, 3]",student por,19,sex,0.6945169712793735,-0.0574216219399673,0.8847457627118642
748,1,failures,Extreme Value Smell,649,14,"[3, 3, 3, 3, 3, 3, 3, 3, 3, 3, 3, 3, 3, 3]",student por,20,age,1.5847442523614328,0.0774661189025829,0.8835130970724189
751,1,famrel,Extreme Value Smell,649,22,"[1, 1, 1, 1, 1, 1, 1, 1, 1, 1, 1, 1, 1, 1, 1, 1, 1, 1, 1, 1]",student por,19,sex,0.6945169712793735,-0.0574216219399673,0.8847457627118642
752,1,famrel,Extreme Value Smell,649,22,"[1, 1, 1, 1, 1, 1, 1, 1, 1, 1, 1, 1, 1, 1, 1, 1, 1, 1, 1, 1]",student por,20,age,1.5847442523614328,0.0774661189025829,0.8835130970724189
787,1,traveltime,Extreme Value Smell,649,16,"[4, 4, 4, 4, 4, 4, 4, 4, 4, 4, 4, 4, 4, 4, 4, 4]",student por,19,sex,0.6945169712793735,-0.0574216219399673,0.8847457627118642
788,1,traveltime,Extreme Value Smell,649,16,"[4, 4, 4, 4, 4, 4, 4, 4, 4, 4, 4, 4, 4, 4, 4, 4]",student por,20,age,1.5847442523614328,0.0774661189025829,0.8835130970724189
797,1,fulltime,Extreme Value Smell,18692,1381,"[2.0, 2.0, 2.0, 2.0, 2.0, 2.0, 2.0, 2.0, 2.0, 2.0, 2.0, 2.0, 2.0, 2.0, 2.0, 2.0, 2.0, 2.0, 2.0, 2.0]",law school,21,male,0.976767439850877,-0.0211647521889308,0.8940830301733322
798,1,fulltime,Extreme Value Smell,18692,1381,"[2.0, 2.0, 2.0, 2.0, 2.0, 2.0, 2.0, 2.0, 2.0, 2.0, 2.0, 2.0, 2.0, 2.0, 2.0, 2.0, 2.0, 2.0, 2.0, 2.0]",law school,22,racetxt,0.6706133246910517,-0.3034553133570632,0.8940830301733322
801,1,lsat,Extreme Value Smell,18692,112,"[21.0, 21.0, 21.0, 19.0, 20.0, 20.0, 21.0, 20.0, 21.0, 18.0, 17.5, 19.0, 18.0, 17.0, 18.0, 20.3, 18.0, 20.5, 19.0, 20.5]",law school,21,male,0.976767439850877,-0.0211647521889308,0.8940830301733322
802,1,lsat,Extreme Value Smell,18692,112,"[21.0, 21.0, 21.0, 19.0, 20.0, 20.0, 21.0, 20.0, 21.0, 18.0, 17.5, 19.0, 18.0, 17.0, 18.0, 20.3, 18.0, 20.5, 19.0, 20.5]",law school,22,racetxt,0.6706133246910517,-0.3034553133570632,0.8940830301733322
807,1,pass_bar,Extreme Value Smell,18692,1836,"[0, 0, 0, 0, 0, 0, 0, 0, 0, 0, 0, 0, 0, 0, 0, 0, 0, 0, 0, 0]",law school,21,male,0.976767439850877,-0.0211647521889308,0.8940830301733322
808,1,pass_bar,Extreme Value Smell,18692,1836,"[0, 0, 0, 0, 0, 0, 0, 0, 0, 0, 0, 0, 0, 0, 0, 0, 0, 0, 0, 0]",law school,22,racetxt,0.6706133246910517,-0.3034553133570632,0.8940830301733322
811,1,racetxt,Extreme Value Smell,18692,1201,"[0, 0, 0, 0, 0, 0, 0, 0, 0, 0, 0, 0, 0, 0, 0, 0, 0, 0, 0, 0]",law school,21,male,0.976767439850877,-0.0211647521889308,0.8940830301733322
812,1,racetxt,Extreme Value Smell,18692,1201,"[0, 0, 0, 0, 0, 0, 0, 0, 0, 0, 0, 0, 0, 0, 0, 0, 0, 0, 0, 0]",law school,22,racetxt,0.6706133246910517,-0.3034553133570632,0.8940830301733322
817,1,ugpa,Extreme Value Smell,18692,59,"[1.7, 1.5, 1.9, 2.0, 2.0, 1.6, 2.0, 2.0, 2.0, 2.0, 1.8, 1.7, 2.0, 2.0, 1.9, 1.9, 2.0, 2.0, 1.8, 1.9]",law school,21,male,0.976767439850877,-0.0211647521889308,0.8940830301733322
818,1,ugpa,Extreme Value Smell,18692,59,"[1.7, 1.5, 1.9, 2.0, 2.0, 1.6, 2.0, 2.0, 2.0, 2.0, 1.8, 1.7, 2.0, 2.0, 1.9, 1.9, 2.0, 2.0, 1.8, 1.9]",law school,22,racetxt,0.6706133246910517,-0.3034553133570632,0.8940830301733322
819,1,zfygpa,Extreme Value Smell,18692,29,"[3.07, -3.05, -2.79, -2.69, -2.74, -3.35, -2.87, -3.03, 3.48, -2.93, -3.04, -2.78, -2.74, -3.13, 3.17, -2.96, 3.25, -2.71, -2.89, 3.04]",law school,21,male,0.976767439850877,-0.0211647521889308,0.8940830301733322
820,1,zfygpa,Extreme Value Smell,18692,29,"[3.07, -3.05, -2.79, -2.69, -2.74, -3.35, -2.87, -3.03, 3.48, -2.93, -3.04, -2.78, -2.74, -3.13, 3.17, -2.96, 3.25, -2.71, -2.89, 3.04]",law school,22,racetxt,0.6706133246910517,-0.3034553133570632,0.8940830301733322
821,1,zgpa,Extreme Value Smell,18692,28,"[3.12, 3.18, -3.03, -2.91, -3.05, -3.21, -3.46, -3.27, -2.96, 4.01, -2.88, -6.44, 3.12, 3.07, -3.13, 3.07, -2.89, -2.87, 3.45, -3.0]",law school,21,male,0.976767439850877,-0.0211647521889308,0.8940830301733322
822,1,zgpa,Extreme Value Smell,18692,28,"[3.12, 3.18, -3.03, -2.91, -3.05, -3.21, -3.46, -3.27, -2.96, 4.01, -2.88, -6.44, 3.12, 3.07, -3.13, 3.07, -2.89, -2.87, 3.45, -3.0]",law school,22,racetxt,0.6706133246910517,-0.3034553133570632,0.8940830301733322
